Name,Email,Birthdate,Address,Identifier
John Smith,john.smith@yahoo.com,1990-05-15,123 Main St
Emma Johnson,emma.johnson@yahoo.com,1988-09-22,456 Oak St, F
Michael Williams,michael.williams@gmail.com,1995-02-10,789 Elm St, M
Sophia Brown,sophia.brown@yahoo.com,1992-11-30,101 Pine St, F
William Jones,william.jones@outlook.com,1987-07-18,202 Maple St, M
Olivia Davis,olivia.davis@gmail.com,1998-04-05,303 Cedar St, F
James Miller,james.miller@outlook.com,1993-08-20,404 Birch St, M
Isabella Wilson,isabella.wilson@outlook.com,1994-12-25,505 Oak St
Ethan Moore,ethan.moore@outlook.com,1991-03-12,606 Pine St, M
Charlotte Taylor,charlotte.taylor@yahoo.com,1989-06-28,707 Elm St, F
Alexander Anderson,alexander.anderson@yahoo.com,1996-09-10,808 Cedar St, M
Ava Thomas,ava.thomas@gmail.com,1997-01-15,909 Maple St, F
Benjamin Jackson,benjamin.jackson@yahoo.com,1992-04-30,1010 Birch St
Mia White,mia.white@outlook.com,1988-10-05,1111 Oak St, F
Daniel Harris,daniel.harris@yahoo.com,1990-11-20,1212 Pine St, M
Emily Martin,emily.martin@outlook.com,1993-05-28,1313 Elm St
Matthew Thompson,matthew.thompson@outlook.com,1994-08-15,1414 Cedar St, M
Abigail Garcia,abigail.garcia@outlook.com,1995-02-28,1515 Maple St, F
David Martinez,david.martinez@gmail.com,1996-07-10,1616 Birch St
Ella Robinson,ella.robinson@outlook.com,1997-09-22,1717 Oak St, F
Andrew Clark,andrew.clark@yahoo.com,1985-12-05,1818 Pine St, M
Elizabeth Rodriguez,elizabeth.rodriguez@yahoo.com,1986-03-18,1919 Elm St, F
Joseph Lewis,joseph.lewis@gmail.com,1987-06-30,2020 Cedar St, M
Samantha Lee,samantha.lee@yahoo.com,1988-11-15,2121 Maple St, F
Christopher Walker,christopher.walker@gmail.com,1989-04-28,2222 Birch St, M
Avery Hall,avery.hall@outlook.com,1990-07-10,2323 Oak St, F
Madison Allen,madison.allen@gmail.com,1991-09-22,2424 Pine St, M
Nicholas Young,nicholas.young@gmail.com,1992-02-05,2525 Elm St
Grace Hernandez,grace.hernandez@gmail.com,1993-05-15,2626 Cedar St, F
Joshua King,joshua.king@gmail.com,1994-08-22,2727 Maple St, M
Lily Wright,lily.wright@outlook.com,1995-01-10,2828 Birch St, F
Ryan Scott,ryan.scott@outlook.com,1996-04-30,2929 Oak St, M
Chloe Green,chloe.green@yahoo.com,1997-07-05,3030 Pine St, F
Daniel Hill,daniel.hill@yahoo.com,1988-10-20,3131 Elm St, M
Zoe Adams,zoe.adams@outlook.com,1989-12-28,3232 Cedar St, F
Samuel Baker,samuel.baker@outlook.com,1990-03-12,3333 Maple St, M
Hailey Nelson,hailey.nelson@outlook.com,1991-06-28,3434 Birch St, F
Nathan Carter,nathan.carter@gmail.com,1992-09-10,3535 Oak St, M
Natalie Mitchell,natalie.mitchell@gmail.com,1993-01-15,3636 Pine St, F
Kevin Perez,kevin.perez@gmail.com,1994-04-30,3737 Elm St, M
Kaylee Roberts,kaylee.roberts@gmail.com,1995-07-05,3838 Cedar St, F
Michael Turner,michael.turner@yahoo.com,1996-09-22,3939 Maple St, M
Aria Phillips,aria.phillips@yahoo.com,1997-12-05,4040 Birch St, F
Brandon Campbell,brandon.campbell@outlook.com,1988-02-18,4141 Oak St, M
Sofia Evans,sofia.evans@outlook.com,1989-05-28,4242 Pine St, F
Justin Parker,justin.parker@outlook.com,1990-08-15,4343 Elm St, M
Hannah Edwards,hannah.edwards@outlook.com,1991-11-30,4444 Cedar St, F
Jacob Morris,jacob.morris@gmail.com,1992-02-28,4545 Maple St, M
Addison Collins,addison.collins@gmail.com,1993-06-10,4646 Birch St, F
Tyler Stewart,tyler.stewart@gmail.com,1994-09-22,4747 Oak St, M
Amelia Sanchez,amelia.sanchez@gmail.com,1995-12-05,4848 Pine St, F
William Morris,william.morris@gmail.com,1996-03-18,4949 Elm St, M
Aurora Rivera,aurora.rivera@gmail.com,1997-06-30,5050 Cedar St, F
Jack Torres,jack.torres@gmail.com,1998-09-15,5151 Maple St
Evelyn Cooper,evelyn.cooper@gmail.com,1989-01-28,5252 Birch St, F
Alexander Reed,alexander.reed@gmail.com,1990-04-10,5353 Oak St, M
Savannah Ortiz,savannah.ortiz@gmail.com,1991-07-22,5454 Pine St
Dylan Brooks,dylan.brooks@gmail.com,1992-10-05,5555 Elm St, M
Scarlett Torres,scarlett.torres@gmail.com,1993-12-20,5656 Cedar St, F
Gabriel Ramirez,gabriel.ramirez@gmail.com,1994-03-28,5757 Maple St, M
Victoria Flores,victoria.flores@outlook.com,1995-06-10,5858 Birch St, F
Josephine Price,josephine.price@outlook.com,1996-09-22,5959 Oak St, M
Henry Butler,henry.butler@gmail.com,1997-12-05,6060 Pine St
Harper Powell,harper.powell@outlook.com,1988-02-18,6161 Elm St, M
Liam Russell,liam.russell@gmail.com,1989-05-28,6262 Cedar St, F
Aubrey Hughes,aubrey.hughes@gmail.com,1990-08-15,6363 Maple St, M
Jackson Wood,jackson.wood@outlook.com,1991-11-30,6464 Birch St, F
Alyssa Simmons,alyssa.simmons@yahoo.com,1992-02-28,6565 Oak St
Isaac Foster,isaac.foster@yahoo.com,1993-06-10,6666 Pine St, F
Ellie Barnes,ellie.barnes@outlook.com,1994-09-22,6767 Elm St, M
Caleb Brooks,caleb.brooks@gmail.com,1995-12-05,6868 Cedar St, F
Brooklyn Gonzales,brooklyn.gonzales@outlook.com,1996-03-18,6969 Maple St, M
Luke Hayes,luke.hayes@yahoo.com,1997-06-30,7070 Birch St, F
Leah Bryant,leah.bryant@yahoo.com,1998-09-15,7171 Oak St, M
Jayden McLaughlin,jayden.mclaughlin@outlook.com,1989-01-28,7272 Pine St, F
Katherine Ross,katherine.ross@outlook.com,1990-04-10,7373 Elm St, M
Connor Ruiz,connor.ruiz@gmail.com,1991-07-22,7474 Cedar St, F
Nora Perry,nora.perry@yahoo.com,1992-10-05,7575 Maple St, M
Elijah Long,elijah.long@yahoo.com,1993-12-20,7676 Birch St, F
Penelope Foster,penelope.foster@outlook.com,1994-03-28,7777 Oak St, M
Adrian Martinez,adrian.martinez@outlook.com,1995-06-10,7878 Pine St, F
Mariah Johnson,mariah.johnson@gmail.com,1996-09-22,7979 Elm St, M
Thomas Bennett,thomas.bennett@gmail.com,1997-12-05,8080 Cedar St, F
Riley Watson,riley.watson@gmail.com,1988-02-18,8181 Maple St, M
Julian Cruz,julian.cruz@outlook.com,1989-05-28,8282 Birch St, F
Grace Simmons,grace.simmons@outlook.com,1990-08-15,8383 Oak St, M
Violet Roberts,violet.roberts@gmail.com,1991-11-30,8484 Pine St
Cameron Washington,cameron.washington@gmail.com,1992-02-28,8585 Elm St, M
Layla Gray,layla.gray@gmail.com,1993-06-10,8686 Cedar St, F
Jordan Sanchez,jordan.sanchez@outlook.com,1994-09-22,8787 Maple St, M
Lucy Parker,lucy.parker@gmail.com,1995-12-05,8888 Birch St, F
Dominic Barnes,dominic.barnes@gmail.com,1996-03-18,8989 Oak St, M
Audrey Murphy,audrey.murphy@outlook.com,1997-06-30,9090 Pine St, F
Evan Foster,evan.foster@outlook.com,1998-09-15,9191 Elm St, M
Brooklyn Sanders,brooklyn.sanders@outlook.com,1989-01-28,9292 Cedar St, F
Peyton Price,peyton.price@outlook.com,1990-04-10,9393 Maple St, M
Eliana Diaz,eliana.diaz@gmail.com,1991-07-22,9494 Birch St, F
Colton Peterson,colton.peterson@yahoo.com,1992-10-05,9595 Oak St
Serena Nguyen,serena.nguyen@yahoo.com,1993-12-20,9696 Pine St, F